link;comentarios;data_comentario
https://g1.globo.com/educacao/noticia/2019/10/05/g1-lanca-ferramenta-com-informacoes-de-todas-as-escolas-do-brasil.ghtml;dei uma olhada basica em algumas escolas, e é surpreendente como a media de alunos é baixa e a aprovação é alta-;2019-10-05T11:41:30
https://g1.globo.com/educacao/noticia/2019/10/05/g1-lanca-ferramenta-com-informacoes-de-todas-as-escolas-do-brasil.ghtml;Países que mais investem na Educação tendem a ser mais ricos, com menos desigualdade social, com menores índices de violência, menos propensos à corrupção, e também tendem a ter os maiores níveis de felicidade da população.  Por que será que o Brasil não prioriza a Educação (corta investimentos na área), deixando-o nos últimos lugares no ranking mundial?;2019-10-05T10:18:20
https://g1.globo.com/educacao/noticia/2019/10/05/g1-lanca-ferramenta-com-informacoes-de-todas-as-escolas-do-brasil.ghtml;"Corte de investimento na Educação por 20 anos (PEC 241/2017); Desvio de R$ 3,7 bilhões destinada a Educação para o Fundo Eleitoral(desde 2018); Contigenciamento de 30% na Educação em 2019; BNCC/2019, exclusão de disciplinas importantes( como biologia, química, física, geografia e história) que antes eram obrigatórias no ensino médio para diminuir gastos. Sucateamento do IBGE com corte de 25% e redução do tamanho do questionário (Fim da transparência). Resumindo: Querem formar apenas trabalhadores para o mercado de trabalho e que sejam incapazes de questionar o mundo.";2019-10-05T10:20:06
https://g1.globo.com/educacao/noticia/2019/10/05/g1-lanca-ferramenta-com-informacoes-de-todas-as-escolas-do-brasil.ghtml;É que os países que mais investem em educação primeiro prioritizaram a economia. São países que primeiro abraçaram o liberalismo e o capitalismo. Enriqueceram e aí investiram. Se nós queremos ter a educação dos EUA, Finlandia ou coreia do sul, devemos fzer como eles. Abraçar o capitalismo. Caso contrário seremos como Cuba, em que as pessoas tem um diploma mas vivem na miséria. Aí não adianta nada. Para evoluirmos, temos que deixar o esquerdismo pra trás.;2019-10-05T10:26:04
https://g1.globo.com/educacao/noticia/2019/10/05/g1-lanca-ferramenta-com-informacoes-de-todas-as-escolas-do-brasil.ghtml;O mundo não precisa ser questionado, mas entendê-lo para melhorá-lo.;2019-10-05T10:34:08
https://g1.globo.com/educacao/noticia/2019/10/05/g1-lanca-ferramenta-com-informacoes-de-todas-as-escolas-do-brasil.ghtml;Na mentalidade da flávia, países que mais investem em educação tendem a ser mais ricos, ter mais qualidade de vida, menos corrupção. Porém, o que ela não enxerga é que na realidade é o contrario. Países ricos tendem a investir mais em educação. Eles investem mais porque sao ricos. Primeiro a economia, depois a educação. Caso contrario, Cuba, que investe em educação, seria riquíssima.;2019-10-05T10:48:31
https://g1.globo.com/educacao/noticia/2019/10/05/g1-lanca-ferramenta-com-informacoes-de-todas-as-escolas-do-brasil.ghtml;Sergio Fernandes precisa estudar mais interpretação de texto. Vida de gado, aceita tudo que o sistema( governo) lhe faz sem questionar o mundo( o sistema), porque não adquiriu capacidade de discernir por falta de conhecimento( Ensino).;2019-10-05T11:03:50
https://g1.globo.com/educacao/noticia/2019/10/05/g1-lanca-ferramenta-com-informacoes-de-todas-as-escolas-do-brasil.ghtml;kkkkkk  já olhou no portal da transparência da sua cidade, para ver o que fazem com o dinheiro da educação..?? mais investimento no Brasil, significa mais desvios.. Inocente.. ;2019-10-05T11:36:19
https://g1.globo.com/educacao/noticia/2019/10/05/g1-lanca-ferramenta-com-informacoes-de-todas-as-escolas-do-brasil.ghtml;"Gente olha que legal: Após prêmio em P'aris, cresce a c'ampanha pelo N'obel da P'az para L'ula.
";2019-10-05T06:49:23
https://g1.globo.com/educacao/noticia/2019/10/05/g1-lanca-ferramenta-com-informacoes-de-todas-as-escolas-do-brasil.ghtml;O que isso tem haver com o assunto acima, R.E.T.A.R.D.A.D.O ?;2019-10-05T07:50:35
https://g1.globo.com/educacao/noticia/2019/10/05/g1-lanca-ferramenta-com-informacoes-de-todas-as-escolas-do-brasil.ghtml;o assunto acima se refere ao ensino. caso você não saiba, L'ula foi o p'residente que mais criou e'scolas , foram mais de vinte u'niversidades e quase quinhentas e'scolas técnicas. ;2019-10-05T08:20:16
https://g1.globo.com/educacao/noticia/2019/10/05/g1-lanca-ferramenta-com-informacoes-de-todas-as-escolas-do-brasil.ghtml;...e a escola da CORRUPÇÃO tbm?;2019-10-05T08:31:54
https://g1.globo.com/educacao/noticia/2019/10/05/g1-lanca-ferramenta-com-informacoes-de-todas-as-escolas-do-brasil.ghtml;Então explica porque multiplicou o número de pessoas que só sabem assinar o nome?;2019-10-05T08:34:02
https://g1.globo.com/educacao/noticia/2019/10/05/g1-lanca-ferramenta-com-informacoes-de-todas-as-escolas-do-brasil.ghtml;Bertin, você deve ter sido colega de classe dele. Só pode.;2019-10-05T08:37:48
https://g1.globo.com/educacao/noticia/2019/10/05/g1-lanca-ferramenta-com-informacoes-de-todas-as-escolas-do-brasil.ghtml;Bertin, agradeça ao FHC, pois colocou a economia nos trilhos...;2019-10-05T09:05:43
https://g1.globo.com/educacao/noticia/2019/10/05/g1-lanca-ferramenta-com-informacoes-de-todas-as-escolas-do-brasil.ghtml;Censura detectada. G1 censurou meu comentário. ;2019-10-05T09:23:39
https://g1.globo.com/educacao/noticia/2019/10/05/g1-lanca-ferramenta-com-informacoes-de-todas-as-escolas-do-brasil.ghtml;"E'ducação: L'ula 10 vs 0 no Príncipe dos Sociólogos
O metalúrgicoAnalfa criou mais de vinte  u'niversidades. E o que fala f'rances não criou NENHUMA !";2019-10-05T10:12:24
https://g1.globo.com/educacao/noticia/2019/10/05/g1-lanca-ferramenta-com-informacoes-de-todas-as-escolas-do-brasil.ghtml;Os g'overnos do P'T fizeram uma verdadeira r'evolução na e'ducação do Brasil .foi o g'overno que mais i'nvestiu em ed'ucação incluindo T'emer. ;2019-10-05T10:16:13
https://g1.globo.com/educacao/noticia/2019/10/05/g1-lanca-ferramenta-com-informacoes-de-todas-as-escolas-do-brasil.ghtml;Por isso os índices refletem isso.. lembrando que a análise é até 2018. ;2019-10-05T11:38:14
https://g1.globo.com/educacao/noticia/2019/10/05/g1-lanca-ferramenta-com-informacoes-de-todas-as-escolas-do-brasil.ghtml;Muito bom material, mas continuo dizendo que os MUNICÍPIOS, deveriam assumir o Ensino Básico e Médio, ( COM MAIS RECURSOS ), o Estado deveria focar no Ensino Técnico de Formação para o Mercado de Trabalho com essas novas tecnologias, atividades e formação empresarial ( muito importante ), ensino superior, os Estados sairiam fora, focariam no Técnico e o Federal e as Particulares,  continuariam , mas teria que ser pago em parte pelos alunos. Eh isso.;2019-10-05T11:36:26
https://g1.globo.com/educacao/noticia/2019/10/05/g1-lanca-ferramenta-com-informacoes-de-todas-as-escolas-do-brasil.ghtml;Essa matéria me fez lembrar que houve uma década em que o governo realmente se preocupou com o ensino brasileiro fazendo a tão necessitada Reforma Ortográfica e universidade para todos. Construiu 436 escolas técnicas, 19 Universidades Federais do zero e ampliou centenas de outros com novos cursos. Criou FIES, Pronatec, Prouni, Ciência sem Fronteiras... Teve a maior queda de analfabetismo da história de 4,8%. Com a economia aquecida e melhora do padrão de vida, milhares então puderam  fazer a tão sonhada faculdade e ter seu diploma de doutor. Saudades da década de ouro.;2019-10-05T09:41:31
https://g1.globo.com/educacao/noticia/2019/10/05/g1-lanca-ferramenta-com-informacoes-de-todas-as-escolas-do-brasil.ghtml;Sim Fernanda, pena que essa ilusão não se mantém pq tem que ter dinheiro não desviado para manter isso né, e como não tem como não desviar não conseguiram manter o ritmo. Alem disso a qualidade dessa educação que vc fala é orrivel, meu irmão nunca foi numa escola fez supletivo e em 1 ano e meio sem ir na escola conseguiu  seu diploma de ensino médio completo, isso você chama de educação?;2019-10-05T09:53:50
https://g1.globo.com/educacao/noticia/2019/10/05/g1-lanca-ferramenta-com-informacoes-de-todas-as-escolas-do-brasil.ghtml;é e não é, Fernanda... veja o número de analfabetos funcionais que têm por aí, vide a eleição do Bozo. Não foi ruim mas tbm não foi essa maravilha toda, não foi priorizada a qualidade, principalmente na educação básica. A educação é a solução, mas isso nunca foi realmente levado a sério por nenhum governo.;2019-10-05T10:01:49
https://g1.globo.com/educacao/noticia/2019/10/05/g1-lanca-ferramenta-com-informacoes-de-todas-as-escolas-do-brasil.ghtml;Orrível é o seu Português...;2019-10-05T10:02:34
https://g1.globo.com/educacao/noticia/2019/10/05/g1-lanca-ferramenta-com-informacoes-de-todas-as-escolas-do-brasil.ghtml;Vai ser BURRA assim lá em Curitiba na PF;2019-10-05T10:03:21
https://g1.globo.com/educacao/noticia/2019/10/05/g1-lanca-ferramenta-com-informacoes-de-todas-as-escolas-do-brasil.ghtml;PT destruiu a educação e criou um monte de gente burra que elegeu Bozo;2019-10-05T10:28:40
https://g1.globo.com/educacao/noticia/2019/10/05/g1-lanca-ferramenta-com-informacoes-de-todas-as-escolas-do-brasil.ghtml;E meteu ideologia socialista nas escolas e universidades ;2019-10-05T11:13:21
https://g1.globo.com/educacao/noticia/2019/10/05/g1-lanca-ferramenta-com-informacoes-de-todas-as-escolas-do-brasil.ghtml;"Não consegui verificar a informação que desejada. A ferramenta de contato com o G1 não ajuda. Você ""conversa"" somente com uma máquina. Portanto, respostas automáticas. Tentei verificar, por exemplo, sobre determinada escola. Não tem qualquer informação sobre ela. A ferramenta de busca é deficiente. Infelizmente uma ótima iniciativa, mas não ajuda !!!";2019-10-05T11:34:46
https://g1.globo.com/educacao/noticia/2019/10/05/g1-lanca-ferramenta-com-informacoes-de-todas-as-escolas-do-brasil.ghtml;Mas os dados são desta época de ouro.. kkkk afinal é de 2018, com toda a estrutura de ensino da década.. Esquerdista é piada pronta mesmo.. ;2019-10-05T11:34:57
https://g1.globo.com/educacao/noticia/2019/10/05/g1-lanca-ferramenta-com-informacoes-de-todas-as-escolas-do-brasil.ghtml;são muntas esc0las mais a mai0ria são deficitárias em estrutura e saniamento. profeçores desqualificad0s, que só veve fazendo greve e num sabe de nada. alun0s cheirad0res de cola de sapateir0 e que num sabe escrever uma linha. minhas c0ndolenç.as;2019-10-05T09:42:20
https://g1.globo.com/educacao/noticia/2019/10/05/g1-lanca-ferramenta-com-informacoes-de-todas-as-escolas-do-brasil.ghtml;TÁ DE BRINCADEIRA?!?!;2019-10-05T11:11:25
https://g1.globo.com/educacao/noticia/2019/10/05/g1-lanca-ferramenta-com-informacoes-de-todas-as-escolas-do-brasil.ghtml;Todos esses dados demonstram a superioridade das escolas privadas. Elas são melhores mesmo sendo muito mais  economicas(lembre-se que mais da metade da mensalidade da escola privada vai pra pagar impostos). Se abolirmos os impostos sobre a educação, sobre a mao de obra dos professores, sobre os materiais escolares, facilitar a abertura de escola(em vez da atual burocracia), permitir as escolas de terem seu próprio método de ensino(em vez de seguir regras impostas pelo MEC), aí teremos um educação capitalista e as coisas evoluirão. A solução é menos estado, não mais. ;2019-10-05T11:09:48
https://g1.globo.com/educacao/noticia/2019/10/05/g1-lanca-ferramenta-com-informacoes-de-todas-as-escolas-do-brasil.ghtml;Por favor, confiram a plataforma, pois não constam as unidades escolares da Rede Estadual de Ensino do Estado do Rio de Janeiro. Pesquisei e não localizei nem uma.;2019-10-05T10:47:11
https://g1.globo.com/educacao/noticia/2019/10/05/g1-lanca-ferramenta-com-informacoes-de-todas-as-escolas-do-brasil.ghtml;Serio que o G1 deve esse trabalho, durante as esquerdalhas nunca lhe esse tipo de reportagem etc...agora eles estão preocupados com a educação...? será ou e pro culpar o atual governo...? esperamos para ver...;2019-10-05T10:42:34
https://g1.globo.com/educacao/noticia/2019/10/05/g1-lanca-ferramenta-com-informacoes-de-todas-as-escolas-do-brasil.ghtml;"é cada um que aparece kkkk
";2019-10-05T10:46:47
https://g1.globo.com/educacao/noticia/2019/10/05/g1-lanca-ferramenta-com-informacoes-de-todas-as-escolas-do-brasil.ghtml;As escolas públicas em últimos lugares em 99% das comparações, e ainda queriam eleger o Maldad que nem para ministro da educação serviu , nem para prefeito, queriam esse incompetente para presidente.;2019-10-05T08:36:50
https://g1.globo.com/educacao/noticia/2019/10/05/g1-lanca-ferramenta-com-informacoes-de-todas-as-escolas-do-brasil.ghtml;Reclamamos do Bozo, mas eu agradeço todos dias, por ter nos livrado da quadrilha responsável pelo maior esquema de corrupção já existente no mundo.;2019-10-05T08:48:27
https://g1.globo.com/educacao/noticia/2019/10/05/g1-lanca-ferramenta-com-informacoes-de-todas-as-escolas-do-brasil.ghtml;"me desculpa,mas trocaram uma quadrilha por uma milicia 
";2019-10-05T08:53:38
https://g1.globo.com/educacao/noticia/2019/10/05/g1-lanca-ferramenta-com-informacoes-de-todas-as-escolas-do-brasil.ghtml;Gente se em 16 anos nossos rankings da educação pública continua sendo o pior, sendo que os pagadores de impostos pagam por aluno muito mais que uma escola particular, algo errado tinha, e temos que apoiar outra estratégia, qualquer estratégia diferente das aplicadas os 16 anos anteriores é válida, por que a única coisa que está comprovada estatisticamente é que os especialistas que governaram não sabem é de nada.;2019-10-05T09:17:25
https://g1.globo.com/educacao/noticia/2019/10/05/g1-lanca-ferramenta-com-informacoes-de-todas-as-escolas-do-brasil.ghtml;Diego LAMBE BOTAS não deve ter nem ensino médio. ;2019-10-05T09:26:36
https://g1.globo.com/educacao/noticia/2019/10/05/g1-lanca-ferramenta-com-informacoes-de-todas-as-escolas-do-brasil.ghtml;Evandro Brunetto perfeita definição!;2019-10-05T10:34:15
https://g1.globo.com/educacao/noticia/2019/10/05/g1-lanca-ferramenta-com-informacoes-de-todas-as-escolas-do-brasil.ghtml;Fora grobo         ixo;2019-10-05T10:40:23
https://g1.globo.com/educacao/noticia/2019/10/05/g1-lanca-ferramenta-com-informacoes-de-todas-as-escolas-do-brasil.ghtml;Só uma pergunta: não seria Raios -X ? A pesquisa deveria começar em casa, G1.;2019-10-05T10:39:12
https://g1.globo.com/educacao/noticia/2019/10/05/g1-lanca-ferramenta-com-informacoes-de-todas-as-escolas-do-brasil.ghtml;A educação no Brasil não vai melhorar em um passe de mágica. O estrago foi e é tão grande que exige foco da sociedade inteira, mas como não se consegue ver um palmo a frente do nariz, então... Ademais, qual é o caminho a seguir? Está todo mundo perdido. Os especialistas mais atrapalham do que ajudam.;2019-10-05T10:38:56
https://g1.globo.com/educacao/noticia/2019/10/05/g1-lanca-ferramenta-com-informacoes-de-todas-as-escolas-do-brasil.ghtml;G1 vai monitorar 180 mil escolas? Será que se o resultado for satisfatório será divulgado os números reais??? Duvido;2019-10-05T10:32:28
https://g1.globo.com/educacao/noticia/2019/10/05/g1-lanca-ferramenta-com-informacoes-de-todas-as-escolas-do-brasil.ghtml;Ficou excelente. Parabéns.;2019-10-05T10:17:01
https://g1.globo.com/educacao/noticia/2019/10/05/g1-lanca-ferramenta-com-informacoes-de-todas-as-escolas-do-brasil.ghtml;E  ferramenta que mede a capacidade pessoas que compõem o governo brasileiro?  Voces têm também?;2019-10-05T09:20:40
https://g1.globo.com/educacao/noticia/2019/10/05/g1-lanca-ferramenta-com-informacoes-de-todas-as-escolas-do-brasil.ghtml;Muto.boa iniciativa. Seria possível incluir aspectos relacionados à segurança?;2019-10-05T10:08:55
https://g1.globo.com/educacao/noticia/2019/10/05/g1-lanca-ferramenta-com-informacoes-de-todas-as-escolas-do-brasil.ghtml;Essa ferramenta por acaso é para detonar nosso presidente ? Esses jornalistas so fazem isso !;2019-10-05T10:02:03
https://g1.globo.com/educacao/noticia/2019/10/05/g1-lanca-ferramenta-com-informacoes-de-todas-as-escolas-do-brasil.ghtml;"Devido as cotas nas universidades, cada vez mais pais estão colocando seus filhos nas escolas públicas, em busca da cota, já que para entrar em universidade pública  não é mais sobre estudar, mas sim se vitimizar. So que escolas públicas são péssimas. Ou seja, o povo brasileiro, em busca de entrar nas universidades, está estudando menos e com pior qualidade. Parabéns aos esquerdistas por essa ""conquista"".";2019-10-05T10:01:08
https://g1.globo.com/educacao/noticia/2019/10/05/g1-lanca-ferramenta-com-informacoes-de-todas-as-escolas-do-brasil.ghtml;um portal que ataca crianças simplesmente por estar ao lado do presidente com certeza deve ter muita moral pra fazer pesquisa sobre educação. ;2019-10-05T09:53:55
https://g1.globo.com/educacao/noticia/2019/10/05/g1-lanca-ferramenta-com-informacoes-de-todas-as-escolas-do-brasil.ghtml;Plágio. Isso tudo o Qedu já faz, e melhor. Não é exclusividade. É o Qedu com o nome do G1.;2019-10-05T09:59:31
https://g1.globo.com/educacao/noticia/2019/10/05/g1-lanca-ferramenta-com-informacoes-de-todas-as-escolas-do-brasil.ghtml;"Federalização das escolas públicas é a solução. O governo poderia criar um modelo de ensino que atingiria todas os níveis e regiões do Brasil. A única saída para o Brasil é a educação. Infeliz as declarações do ministro, pós ele deveria falar de soluções e não punições. Na realidade essa pesquisa mostra o quanto crianças e jovens buscam conhecimento sem o mínimo de estrutura . Nossa constituição determina  que o governo promova  educação, saúde e segurança, nos falta tudo. ""Ainda sonhamos em viver os direitos constitucionais"". 
";2019-10-05T09:41:46
https://g1.globo.com/educacao/noticia/2019/10/05/g1-lanca-ferramenta-com-informacoes-de-todas-as-escolas-do-brasil.ghtml;Fernanda por que essa ilusão não se manteve e assim estaríamos muito bem até  hj ? Será que isso tudo não foi ilusão?;2019-10-05T09:49:32
https://g1.globo.com/educacao/noticia/2019/10/05/g1-lanca-ferramenta-com-informacoes-de-todas-as-escolas-do-brasil.ghtml;ENQUANTO NAO MELHORAR ENSINO BASICO, AS ESCOLAS NAO MELHORAM, NAO ADIANTA COTAS, ;2019-10-05T09:49:15
https://g1.globo.com/educacao/noticia/2019/10/05/g1-lanca-ferramenta-com-informacoes-de-todas-as-escolas-do-brasil.ghtml;Não confio em notícias do ge1m.;2019-10-05T09:48:06
https://g1.globo.com/educacao/noticia/2019/10/05/g1-lanca-ferramenta-com-informacoes-de-todas-as-escolas-do-brasil.ghtml;A educação no Brasil, específicamente a pública , principalmente,  a de nível superior, tá uma Maravilha , né ???  Deixem de HIPOCRISIA, deixem de ser CANALHAS. Enfim, alguma coisa tem que ser feita. Já que a EXTREMA ESQUERDA brasileira, só piorou o sistema de ensino, alguém, algum Governo, tem que propor mudanças, visando melhorar essa deficiência. Como está , não pode ficar . ;2019-10-05T09:47:58
https://g1.globo.com/educacao/noticia/2019/10/05/g1-lanca-ferramenta-com-informacoes-de-todas-as-escolas-do-brasil.ghtml;G1 lança e quer que o povo confie? Aí é demais...;2019-10-05T09:35:03
https://g1.globo.com/educacao/noticia/2019/10/05/g1-lanca-ferramenta-com-informacoes-de-todas-as-escolas-do-brasil.ghtml;Burro é quem acha que é simples assim, eles colocam fontes e tbm os dados das escolas, se quiser, pode consultar com a própria escola. ;2019-10-05T09:38:09
https://g1.globo.com/educacao/noticia/2019/10/05/g1-lanca-ferramenta-com-informacoes-de-todas-as-escolas-do-brasil.ghtml;São dados científicos e eles pode responder processos se os manipularem. Seja eleitor de quem quiser, mas seja imparcial. ;2019-10-05T09:41:05
https://g1.globo.com/educacao/noticia/2019/10/05/g1-lanca-ferramenta-com-informacoes-de-todas-as-escolas-do-brasil.ghtml;*podem;2019-10-05T09:41:18
https://g1.globo.com/educacao/noticia/2019/10/05/g1-lanca-ferramenta-com-informacoes-de-todas-as-escolas-do-brasil.ghtml;Raio X da mídiaVendida: G1GloboUOLFolhaLIXOLIXOLIXOESGOTO;2019-10-05T09:41:17
https://g1.globo.com/educacao/noticia/2019/10/05/g1-lanca-ferramenta-com-informacoes-de-todas-as-escolas-do-brasil.ghtml;Olha, dizer que todas as escolas do país estão nessa ferramenta é um equívoco, pois o colégio que estudei a vida inteira em Aracaju/SE, o Colégio Dinâmico, não está nessa ferramenta. ;2019-10-05T09:41:01
https://g1.globo.com/educacao/noticia/2019/10/05/g1-lanca-ferramenta-com-informacoes-de-todas-as-escolas-do-brasil.ghtml;teste;2019-10-05T09:33:13
https://g1.globo.com/educacao/noticia/2019/10/05/g1-lanca-ferramenta-com-informacoes-de-todas-as-escolas-do-brasil.ghtml;Estou usando e comparando onde minha filha estuda e onde ela irá estudar!!!!;2019-10-05T09:32:00
https://g1.globo.com/educacao/noticia/2019/10/05/g1-lanca-ferramenta-com-informacoes-de-todas-as-escolas-do-brasil.ghtml;Bacana. Esse tipo de matéria agrega valor para a sociedade!!!! ;2019-10-05T09:31:11
https://g1.globo.com/educacao/noticia/2019/10/05/g1-lanca-ferramenta-com-informacoes-de-todas-as-escolas-do-brasil.ghtml;Sugiro a inserção dos dados de segurança contra incêndio e pânico nas escolas. Nossos jovens e crianças precisam de proteção.;2019-10-05T09:29:32
https://g1.globo.com/educacao/noticia/2019/10/05/g1-lanca-ferramenta-com-informacoes-de-todas-as-escolas-do-brasil.ghtml;"A matéria até que é interessante, mas não sobra um espaço, mesmo que seje pequeno, para dar boas notícias do novo governo? Tem bastante coisa nas gavetas de vocês, sempre muito bem informados.
Nós brasileiros, estamos sedentos de boas novas.
Ajudem a gente sofrida desse nosso Brasil !";2019-10-05T08:31:10
https://g1.globo.com/educacao/noticia/2019/10/05/g1-lanca-ferramenta-com-informacoes-de-todas-as-escolas-do-brasil.ghtml;"Que diabos esse novo governo fez de bom até agora? Pelo que eu saiba, só cortou tudo quanto é investimentos, diminuiu a quantidade de Ministérios, mas aumentou as despesas com o pessoal dele; tirou vários programas sociais... e o país só piorou. ";2019-10-05T08:45:21
https://g1.globo.com/educacao/noticia/2019/10/05/g1-lanca-ferramenta-com-informacoes-de-todas-as-escolas-do-brasil.ghtml;fora BOZO!;2019-10-05T09:04:39
https://g1.globo.com/educacao/noticia/2019/10/05/g1-lanca-ferramenta-com-informacoes-de-todas-as-escolas-do-brasil.ghtml;"""SEJE""  KKKKKKKKKKKKKKKKKKKKKKKKKKKK";2019-10-05T09:14:03
https://g1.globo.com/educacao/noticia/2019/10/05/g1-lanca-ferramenta-com-informacoes-de-todas-as-escolas-do-brasil.ghtml;seje ou seja, eu entendi o recado, não sou ignorante.;2019-10-05T09:16:51
https://g1.globo.com/educacao/noticia/2019/10/05/g1-lanca-ferramenta-com-informacoes-de-todas-as-escolas-do-brasil.ghtml;Tem gente  com sérios problemas cognitivos...  Querem responsabilizar o atual Presidente, que tomou posse este ano - pelas mazelas dos  30 anos anteriores???;2019-10-05T09:14:41
https://g1.globo.com/educacao/noticia/2019/10/05/g1-lanca-ferramenta-com-informacoes-de-todas-as-escolas-do-brasil.ghtml;na cabecinha deles é isso ai, ainda bem que temos a nossa né?;2019-10-05T09:16:08
https://g1.globo.com/educacao/noticia/2019/10/05/g1-lanca-ferramenta-com-informacoes-de-todas-as-escolas-do-brasil.ghtml;Gi, suas noticias são tendenciosas, manipuladoras e por consequência irrelevantes. Suas pesquisas servem a interesses politicos. ;2019-10-05T09:15:02
https://g1.globo.com/educacao/noticia/2019/10/05/g1-lanca-ferramenta-com-informacoes-de-todas-as-escolas-do-brasil.ghtml;Que pena que o atual governo quer destruir a educação do país, cortando verbas, implantando ideologia, desmontando o que foi construído com muito esforço. Acredito que faltou propaganda do governo de esquerda, sobre os programas como Prouni, Ciências sem fronteira, escola de tempo integral. Eram tão normal, tão natural que as pessoas pensaram que sempre existiu e que sempre existiria, mas a dura realidade está batendo a porta. O atual governo vai criar um monte de rôbos analfabetos, uma massa facil de manobrar. Que pena, mas 2022 vem ai, FLAVIO DINO presidente.;2019-10-05T09:01:06
https://g1.globo.com/educacao/noticia/2019/10/05/g1-lanca-ferramenta-com-informacoes-de-todas-as-escolas-do-brasil.ghtml;As poucas escolas que consultei, nesta ferramenta do G1, não conferem com a realidade.;2019-10-05T08:34:13
https://g1.globo.com/educacao/noticia/2019/10/05/g1-lanca-ferramenta-com-informacoes-de-todas-as-escolas-do-brasil.ghtml;"verdade,pois a realidade das escolas e beeemm diferente
";2019-10-05T08:55:14
https://g1.globo.com/educacao/noticia/2019/10/05/g1-lanca-ferramenta-com-informacoes-de-todas-as-escolas-do-brasil.ghtml;Faça a sua parte, estude.;2019-10-05T08:42:56
https://g1.globo.com/educacao/noticia/2019/10/05/g1-lanca-ferramenta-com-informacoes-de-todas-as-escolas-do-brasil.ghtml;Parabéns ao G1, pois falar, escrever e discutir sobre educação nunca é demais!;2019-10-05T08:41:20
https://g1.globo.com/educacao/noticia/2019/10/05/g1-lanca-ferramenta-com-informacoes-de-todas-as-escolas-do-brasil.ghtml;"Muito bom!
";2019-10-05T08:33:49
https://g1.globo.com/pop-arte/musica/rock-in-rio/2019/noticia/2019/10/05/pink-e-anitta-estreiam-no-rock-in-rio-em-dia-de-pop-e-funk-o-que-esperar-deste-sabado-5.ghtml;dia de lix0;2019-10-05T11:35:18
https://g1.globo.com/pop-arte/musica/rock-in-rio/2019/noticia/2019/10/05/pink-e-anitta-estreiam-no-rock-in-rio-em-dia-de-pop-e-funk-o-que-esperar-deste-sabado-5.ghtml;Um Dia já foi Rock In Rio...Quer dizer, pelo Menos Ontem teve Rock de Verdade, mas só foi Ontem...Não vou nem de Graça, nem que me Paguem, bom, ontem eu Iria, mas só Ontem...;2019-10-05T11:29:28
https://g1.globo.com/pop-arte/musica/rock-in-rio/2019/noticia/2019/10/05/pink-e-anitta-estreiam-no-rock-in-rio-em-dia-de-pop-e-funk-o-que-esperar-deste-sabado-5.ghtml;quanto a anitta pagou pra cantar la?;2019-10-05T11:02:33
https://g1.globo.com/pop-arte/musica/rock-in-rio/2019/noticia/2019/10/05/pink-e-anitta-estreiam-no-rock-in-rio-em-dia-de-pop-e-funk-o-que-esperar-deste-sabado-5.ghtml;Uma pena a raiz dos organizadores do evento deixarem virar o que é hoje, nada contra, mas não poderiam criar um festival deles? Melhor mudar o nome pra não ficar passando vergonha.;2019-10-05T10:54:46
https://g1.globo.com/pop-arte/musica/rock-in-rio/2019/noticia/2019/10/05/pink-e-anitta-estreiam-no-rock-in-rio-em-dia-de-pop-e-funk-o-que-esperar-deste-sabado-5.ghtml;O nome é marca! ;2019-10-05T10:58:18
https://g1.globo.com/pop-arte/musica/rock-in-rio/2019/noticia/2019/10/05/pink-e-anitta-estreiam-no-rock-in-rio-em-dia-de-pop-e-funk-o-que-esperar-deste-sabado-5.ghtml;"ELA NÃO !!!!!!!!!
MEU DEUS QUANTA POBREZA ....... ";2019-10-05T10:51:09
https://g1.globo.com/pop-arte/musica/rock-in-rio/2019/noticia/2019/10/05/pink-e-anitta-estreiam-no-rock-in-rio-em-dia-de-pop-e-funk-o-que-esperar-deste-sabado-5.ghtml;O inferno vai estar lotado.;2019-10-05T08:55:39
https://g1.globo.com/pop-arte/musica/rock-in-rio/2019/noticia/2019/10/05/pink-e-anitta-estreiam-no-rock-in-rio-em-dia-de-pop-e-funk-o-que-esperar-deste-sabado-5.ghtml;Sim , de pai de família que faz banheirão ou frequenta sauna né ahahha, gente hipócrita e invejosa ;2019-10-05T10:12:36
https://g1.globo.com/pop-arte/musica/rock-in-rio/2019/noticia/2019/10/05/pink-e-anitta-estreiam-no-rock-in-rio-em-dia-de-pop-e-funk-o-que-esperar-deste-sabado-5.ghtml;"João vc pensa que todo mundo é igual a vc?
";2019-10-05T10:50:44
https://g1.globo.com/pop-arte/musica/rock-in-rio/2019/noticia/2019/10/05/pink-e-anitta-estreiam-no-rock-in-rio-em-dia-de-pop-e-funk-o-que-esperar-deste-sabado-5.ghtml;Anitta no Palco Mundo. Que decadência esse Rock In Rio! Ainda bem que ontem foi salvo por Iron, Slayer e cia.;2019-10-05T10:43:20
https://g1.globo.com/pop-arte/musica/rock-in-rio/2019/noticia/2019/10/05/pink-e-anitta-estreiam-no-rock-in-rio-em-dia-de-pop-e-funk-o-que-esperar-deste-sabado-5.ghtml;Nesse mundo do funk, é raro ver cantoras que não se apresentam seminuas. O apelo erótico é muito forte. Depois reclamam do preconceito, quando têm que se apresentar em outros locais, para outros públicos, c.omo foi na cerimônia de abertura das olimpíadas...;2019-10-05T06:46:41
https://g1.globo.com/pop-arte/musica/rock-in-rio/2019/noticia/2019/10/05/pink-e-anitta-estreiam-no-rock-in-rio-em-dia-de-pop-e-funk-o-que-esperar-deste-sabado-5.ghtml;Se apresentam semi nuas justamente por que não são cantoras. Daí têm que compensar de alguma forma.;2019-10-05T07:25:20
https://g1.globo.com/pop-arte/musica/rock-in-rio/2019/noticia/2019/10/05/pink-e-anitta-estreiam-no-rock-in-rio-em-dia-de-pop-e-funk-o-que-esperar-deste-sabado-5.ghtml;Hahahaha coitados tudo machista enrustido ;2019-10-05T10:12:58
https://g1.globo.com/pop-arte/musica/rock-in-rio/2019/noticia/2019/10/05/pink-e-anitta-estreiam-no-rock-in-rio-em-dia-de-pop-e-funk-o-que-esperar-deste-sabado-5.ghtml;Vai tomar no seu cool;2019-10-05T10:40:19
https://g1.globo.com/pop-arte/musica/rock-in-rio/2019/noticia/2019/10/05/pink-e-anitta-estreiam-no-rock-in-rio-em-dia-de-pop-e-funk-o-que-esperar-deste-sabado-5.ghtml;EU FUI NOS DOIS PRIMEIROS ROCK IN RIO ..... ERA ROCK ......DE VERDADE ......;2019-10-05T10:38:57
https://g1.globo.com/pop-arte/musica/rock-in-rio/2019/noticia/2019/10/05/pink-e-anitta-estreiam-no-rock-in-rio-em-dia-de-pop-e-funk-o-que-esperar-deste-sabado-5.ghtml;"QUE MÉRIDA HEIN? NÃO ERA PRA SER SOMENTE ROCK ??????? OU VIROU SURUBROROCK?????? JÁ PRESTOU ....... 
";2019-10-05T10:37:58
https://g1.globo.com/pop-arte/musica/rock-in-rio/2019/noticia/2019/10/05/pink-e-anitta-estreiam-no-rock-in-rio-em-dia-de-pop-e-funk-o-que-esperar-deste-sabado-5.ghtml;Agora o evento se chama LACRA IN RIO;2019-10-05T10:37:52
https://g1.globo.com/pop-arte/musica/rock-in-rio/2019/noticia/2019/10/05/pink-e-anitta-estreiam-no-rock-in-rio-em-dia-de-pop-e-funk-o-que-esperar-deste-sabado-5.ghtml;Anitta? que fase em;2019-10-05T10:32:19
https://g1.globo.com/pop-arte/musica/rock-in-rio/2019/noticia/2019/10/05/pink-e-anitta-estreiam-no-rock-in-rio-em-dia-de-pop-e-funk-o-que-esperar-deste-sabado-5.ghtml;Anita?;2019-10-05T10:24:02
https://g1.globo.com/pop-arte/musica/rock-in-rio/2019/noticia/2019/10/05/pink-e-anitta-estreiam-no-rock-in-rio-em-dia-de-pop-e-funk-o-que-esperar-deste-sabado-5.ghtml;Isso não é rock in Rio nunca.;2019-10-05T10:23:50
https://g1.globo.com/pop-arte/musica/rock-in-rio/2019/noticia/2019/10/05/pink-e-anitta-estreiam-no-rock-in-rio-em-dia-de-pop-e-funk-o-que-esperar-deste-sabado-5.ghtml;Um chiqueiro , com seus Porcos.;2019-10-05T08:54:34
https://g1.globo.com/pop-arte/musica/rock-in-rio/2019/noticia/2019/10/05/pink-e-anitta-estreiam-no-rock-in-rio-em-dia-de-pop-e-funk-o-que-esperar-deste-sabado-5.ghtml;Lamentável ter uma fuleira dessa representado o país. E ainda em um RIR essas porcarias cantarem, se é q isso é cantar. ;2019-10-05T09:23:25
https://g1.globo.com/pop-arte/musica/rock-in-rio/2019/noticia/2019/10/05/pink-e-anitta-estreiam-no-rock-in-rio-em-dia-de-pop-e-funk-o-que-esperar-deste-sabado-5.ghtml;Coitado ahhahah Márcio Silva um dia vc vai conhecer a empresária Anitta e vai ficar chocado com sua ignorância ;2019-10-05T10:12:02
https://g1.globo.com/pop-arte/musica/rock-in-rio/2019/noticia/2019/10/05/pink-e-anitta-estreiam-no-rock-in-rio-em-dia-de-pop-e-funk-o-que-esperar-deste-sabado-5.ghtml;Quem diria que o Rock in Rio desceria tanto o nível, chegando ao ponto de ter Anita no palco, que fase!!. Mas fazer o que, o Rock in Rio já não pode ser chamado assim, faz anos. ;2019-10-05T08:10:09
https://g1.globo.com/pop-arte/musica/rock-in-rio/2019/noticia/2019/10/05/pink-e-anitta-estreiam-no-rock-in-rio-em-dia-de-pop-e-funk-o-que-esperar-deste-sabado-5.ghtml;Eu vou ahhaha se não gosta é só não ver , haha e vou descer bem meu nível hoje hahaha;2019-10-05T08:29:46
https://g1.globo.com/pop-arte/musica/rock-in-rio/2019/noticia/2019/10/05/pink-e-anitta-estreiam-no-rock-in-rio-em-dia-de-pop-e-funk-o-que-esperar-deste-sabado-5.ghtml;Rock in Rio nunca foi só Rock.... Vide Ney Matogrosso e Kit Abelha em 85;2019-10-05T09:42:57
https://g1.globo.com/pop-arte/musica/rock-in-rio/2019/noticia/2019/10/05/pink-e-anitta-estreiam-no-rock-in-rio-em-dia-de-pop-e-funk-o-que-esperar-deste-sabado-5.ghtml;Esse João não engana ninguém kkkk.;2019-10-05T09:59:23
https://g1.globo.com/pop-arte/musica/rock-in-rio/2019/noticia/2019/10/05/pink-e-anitta-estreiam-no-rock-in-rio-em-dia-de-pop-e-funk-o-que-esperar-deste-sabado-5.ghtml;Nao engano mesmo , igual a maioria de vcs ;2019-10-05T10:10:08
https://g1.globo.com/pop-arte/musica/rock-in-rio/2019/noticia/2019/10/05/pink-e-anitta-estreiam-no-rock-in-rio-em-dia-de-pop-e-funk-o-que-esperar-deste-sabado-5.ghtml;ISSO É UM CHIQUEIRO.;2019-10-05T07:33:14
https://g1.globo.com/pop-arte/musica/rock-in-rio/2019/noticia/2019/10/05/pink-e-anitta-estreiam-no-rock-in-rio-em-dia-de-pop-e-funk-o-que-esperar-deste-sabado-5.ghtml;Só não ver , garanto que vc quer dar algo em banheiros publicos;2019-10-05T08:30:11
https://g1.globo.com/pop-arte/musica/rock-in-rio/2019/noticia/2019/10/05/pink-e-anitta-estreiam-no-rock-in-rio-em-dia-de-pop-e-funk-o-que-esperar-deste-sabado-5.ghtml;Vai lá rebolar João Silva cachorrona.;2019-10-05T10:00:15
https://g1.globo.com/pop-arte/musica/rock-in-rio/2019/noticia/2019/10/05/pink-e-anitta-estreiam-no-rock-in-rio-em-dia-de-pop-e-funk-o-que-esperar-deste-sabado-5.ghtml;Aí vou mesmo, pelo menos não sou pai de família que precisa fazer isso em banheiros públicos e saunas ;2019-10-05T10:08:51
https://g1.globo.com/pop-arte/musica/rock-in-rio/2019/noticia/2019/10/05/pink-e-anitta-estreiam-no-rock-in-rio-em-dia-de-pop-e-funk-o-que-esperar-deste-sabado-5.ghtml;Rock in rio com Anita e outras porcarias e funk é um desrespeito ao Rock. ;2019-10-05T10:03:04
https://g1.globo.com/pop-arte/musica/rock-in-rio/2019/noticia/2019/10/05/pink-e-anitta-estreiam-no-rock-in-rio-em-dia-de-pop-e-funk-o-que-esperar-deste-sabado-5.ghtml;Poderia ter um apagão bem no momento desses lixos se apresentar.;2019-10-05T10:02:17
https://g1.globo.com/pop-arte/musica/rock-in-rio/2019/noticia/2019/10/05/pink-e-anitta-estreiam-no-rock-in-rio-em-dia-de-pop-e-funk-o-que-esperar-deste-sabado-5.ghtml;Imagina o nível do público dessas porcarias.;2019-10-05T10:01:17
https://g1.globo.com/pop-arte/musica/rock-in-rio/2019/noticia/2019/10/05/pink-e-anitta-estreiam-no-rock-in-rio-em-dia-de-pop-e-funk-o-que-esperar-deste-sabado-5.ghtml;Que bosxta.;2019-10-05T09:50:05
https://g1.globo.com/pop-arte/musica/rock-in-rio/2019/noticia/2019/10/05/pink-e-anitta-estreiam-no-rock-in-rio-em-dia-de-pop-e-funk-o-que-esperar-deste-sabado-5.ghtml;Grande dia.. podia substituir por um dia de metal extremo com Kreator, Behemoth, Dimmo Burgir, Gojira...;2019-10-05T07:21:55
https://g1.globo.com/pop-arte/musica/rock-in-rio/2019/noticia/2019/10/05/pink-e-anitta-estreiam-no-rock-in-rio-em-dia-de-pop-e-funk-o-que-esperar-deste-sabado-5.ghtml;O Rock In Rio... Acabou Ontem.;2019-10-05T08:12:24
https://g1.globo.com/pop-arte/musica/rock-in-rio/2019/noticia/2019/10/05/pink-e-anitta-estreiam-no-rock-in-rio-em-dia-de-pop-e-funk-o-que-esperar-deste-sabado-5.ghtml;`Rock in rio` nao passa de um nome de uma marca que nao condiz mais com o seu proprio nome;2019-10-05T08:14:39
https://g1.globo.com/pop-arte/musica/rock-in-rio/2019/noticia/2019/10/05/pink-e-anitta-estreiam-no-rock-in-rio-em-dia-de-pop-e-funk-o-que-esperar-deste-sabado-5.ghtml;Quando vc usa a palavra Rock é Rock o resto é pura chatice.;2019-10-05T08:21:07
https://g1.globo.com/pop-arte/musica/rock-in-rio/2019/noticia/2019/10/05/pink-e-anitta-estreiam-no-rock-in-rio-em-dia-de-pop-e-funk-o-que-esperar-deste-sabado-5.ghtml;Só rock não daria dinheiro aposto ! vou hoje e amanhã e volto lacrar muito , ahhahaha quem não gosta é só não ver;2019-10-05T08:29:01
https://g1.globo.com/pop-arte/musica/rock-in-rio/2019/noticia/2019/10/05/pink-e-anitta-estreiam-no-rock-in-rio-em-dia-de-pop-e-funk-o-que-esperar-deste-sabado-5.ghtml;Rock in Rio nunca foi só Rock.... Vide Ney Matogrosso e Kit Abelha no primeiro ano de festival, em 85.... A diferença é que naquela época eram 10 dias de festival;2019-10-05T09:44:44
https://g1.globo.com/pop-arte/musica/rock-in-rio/2019/noticia/2019/10/05/pink-e-anitta-estreiam-no-rock-in-rio-em-dia-de-pop-e-funk-o-que-esperar-deste-sabado-5.ghtml;O Rock in Rio perdeu todo seu brilho ao não convidarem o Pablo Vittar. ;2019-10-05T09:05:21
https://g1.globo.com/pop-arte/musica/rock-in-rio/2019/noticia/2019/10/05/pink-e-anitta-estreiam-no-rock-in-rio-em-dia-de-pop-e-funk-o-que-esperar-deste-sabado-5.ghtml;Vergonha o evento que se chama rock ser dividido com dias de funk, samba, palco favela decadente esse evento, esses tipos de shows já tem em todo lugar do Brasil, precisamos de mais bandas para o festival tipo five finge death punk , Disturbed, Godsmack, tem muitas bandas boas, péssima Administração.;2019-10-05T08:30:24
https://g1.globo.com/pop-arte/musica/rock-in-rio/2019/noticia/2019/10/05/pink-e-anitta-estreiam-no-rock-in-rio-em-dia-de-pop-e-funk-o-que-esperar-deste-sabado-5.ghtml;"Preparem os memes...
Anita cantando em inglês? ";2019-10-05T07:38:49
https://g1.globo.com/pop-arte/musica/rock-in-rio/2019/noticia/2019/10/05/pink-e-anitta-estreiam-no-rock-in-rio-em-dia-de-pop-e-funk-o-que-esperar-deste-sabado-5.ghtml;"kkkkkkkk
";2019-10-05T08:12:59
https://g1.globo.com/pop-arte/musica/rock-in-rio/2019/noticia/2019/10/05/pink-e-anitta-estreiam-no-rock-in-rio-em-dia-de-pop-e-funk-o-que-esperar-deste-sabado-5.ghtml;"Essas aí são aquelas que cantam ""me chama de c4ch0rr4"", mas que acham que todo homem é um estuprador em potencial. ";2019-10-05T07:27:52
https://g1.globo.com/pop-arte/musica/rock-in-rio/2019/noticia/2019/10/05/pink-e-anitta-estreiam-no-rock-in-rio-em-dia-de-pop-e-funk-o-que-esperar-deste-sabado-5.ghtml;Detalhe: a Anita mesmo disse que dá até pra cachorro kkkkkkkkk;2019-10-05T08:11:09
https://g1.globo.com/pop-arte/musica/rock-in-rio/2019/noticia/2019/10/05/expectativa-para-show-de-anitta-no-rock-in-rio-gera-memes-nas-redes-sociais.ghtml;O Rock é sui generis . Nenhum outro estilo musical conseguiria ser  universal como o Rock . ;2019-10-05T11:39:57
https://g1.globo.com/pop-arte/musica/rock-in-rio/2019/noticia/2019/10/05/expectativa-para-show-de-anitta-no-rock-in-rio-gera-memes-nas-redes-sociais.ghtml;Galera, pode trazer Anita, ou o que for,  mas depois de ontem, ficou provado pq o Rock n Roll atravessa continentes e gerações. Basta ver o show do Iron Maiden... ;2019-10-05T11:20:06
https://g1.globo.com/pop-arte/musica/rock-in-rio/2019/noticia/2019/10/05/expectativa-para-show-de-anitta-no-rock-in-rio-gera-memes-nas-redes-sociais.ghtml;"Tá bom de mudar o nome ""rock in rio"" pra qualquer outra coisa. ";2019-10-05T11:18:18
https://g1.globo.com/pop-arte/musica/rock-in-rio/2019/noticia/2019/10/05/como-o-exercito-de-fas-da-anitta-se-organiza-e-ajudou-a-colocar-a-cantora-no-rock-in-rio.ghtml;Quanta dor de cotovelo de alguns. Deixa a mina e os fãs dela curtirem.  Se não gosta, não ouça,  não assista. ;2019-10-05T07:18:02
https://g1.globo.com/pop-arte/musica/rock-in-rio/2019/noticia/2019/10/05/como-o-exercito-de-fas-da-anitta-se-organiza-e-ajudou-a-colocar-a-cantora-no-rock-in-rio.ghtml;Todo mundo confinado em seu mundinho sem abrir a janela para ver que há outras pessoas, diferentes, com gostos e preferências que podem não ser iguais a suas. Vivam e deixem viver.;2019-10-05T08:40:29
https://g1.globo.com/pop-arte/musica/rock-in-rio/2019/noticia/2019/10/05/como-o-exercito-de-fas-da-anitta-se-organiza-e-ajudou-a-colocar-a-cantora-no-rock-in-rio.ghtml;Podem viver à vontade . A crítica é no sentido de uma funkeira-pop ocupar lugar em um evento que como o próprio nome diz , deveria trazer nomes ligados ao Rock . Desvio de função...;2019-10-05T10:05:06
https://g1.globo.com/pop-arte/musica/rock-in-rio/2019/noticia/2019/10/05/como-o-exercito-de-fas-da-anitta-se-organiza-e-ajudou-a-colocar-a-cantora-no-rock-in-rio.ghtml;Se fosse como você disse eu não leria tantos comentários ofensivos à moça e a seus fãs. Rock é tão pior quanto funk,  há letras de ódio,  há micagens infantis de velhos no palco etc. Mesmo assim a galera da cena fatura e muito.;2019-10-05T10:30:10
https://g1.globo.com/pop-arte/musica/rock-in-rio/2019/noticia/2019/10/05/como-o-exercito-de-fas-da-anitta-se-organiza-e-ajudou-a-colocar-a-cantora-no-rock-in-rio.ghtml;Caso considere necessário, posso desenhar meu ponto de vista prá vc . Não considero minhas palavras ofensivas à moça em questão nem aos seus fãs , só considero inadequada sua participação no evento, por razões óbvias . Posso !?;2019-10-05T10:35:09
https://g1.globo.com/pop-arte/musica/rock-in-rio/2019/noticia/2019/10/05/como-o-exercito-de-fas-da-anitta-se-organiza-e-ajudou-a-colocar-a-cantora-no-rock-in-rio.ghtml;Ué? Pode. Mas e eu, posso ser o contraditório?;2019-10-05T10:40:31
https://g1.globo.com/pop-arte/musica/rock-in-rio/2019/noticia/2019/10/05/como-o-exercito-de-fas-da-anitta-se-organiza-e-ajudou-a-colocar-a-cantora-no-rock-in-rio.ghtml;Em tempo, meu comentário não foi dirigido exclusivamente a você. Quem quis assumir as dores dos outros foi você. ;2019-10-05T10:42:32
https://g1.globo.com/pop-arte/musica/rock-in-rio/2019/noticia/2019/10/05/como-o-exercito-de-fas-da-anitta-se-organiza-e-ajudou-a-colocar-a-cantora-no-rock-in-rio.ghtml;Fique à vontade , Maurício , a contradição em um estado democrático é direito de todo cidadão. Vc pode inclusive cometer o sacrilégio de achar que a música da Anita pode ser comparada aos clássicos do Rock , são os ossos da inclusão digital . Bom show...rs;2019-10-05T10:47:44
https://g1.globo.com/pop-arte/musica/rock-in-rio/2019/noticia/2019/10/05/como-o-exercito-de-fas-da-anitta-se-organiza-e-ajudou-a-colocar-a-cantora-no-rock-in-rio.ghtml;Então véi,  pode não parecer mas sou fã de Black Sabbath, Deep Purple , Mozart, Beethoven, Dvorak, Alceu Valença etc. Funk, só dos tempos de James Brown. Só não me julgo melhor que outros.;2019-10-05T10:58:04
https://g1.globo.com/pop-arte/musica/rock-in-rio/2019/noticia/2019/10/05/como-o-exercito-de-fas-da-anitta-se-organiza-e-ajudou-a-colocar-a-cantora-no-rock-in-rio.ghtml;"Há algo em comum entre nós dois . O fato de dizer que não se coloca na mesma prateleira o trabalho de bandas consagradas mundialmente , algumas com mais de meio século de estrada com o trabalho da "" Anira "" , não significa dizer que me acho melhor que ninguém . Ao invés de tentar defender o indefensável, foque na interpretação de texto , isso irá ajudá-lo no futuro . Abrax...";2019-10-05T11:10:00
https://g1.globo.com/pop-arte/musica/rock-in-rio/2019/noticia/2019/10/05/como-o-exercito-de-fas-da-anitta-se-organiza-e-ajudou-a-colocar-a-cantora-no-rock-in-rio.ghtml;"Sem contar as modas de viola as quais não troco por nada desse mundo.
";2019-10-05T11:11:13
https://g1.globo.com/pop-arte/musica/rock-in-rio/2019/noticia/2019/10/05/como-o-exercito-de-fas-da-anitta-se-organiza-e-ajudou-a-colocar-a-cantora-no-rock-in-rio.ghtml;Penso que vc sofre de mania de perseguição mas tudo bem. Boa sorte.;2019-10-05T11:14:28
https://g1.globo.com/pop-arte/musica/rock-in-rio/2019/noticia/2019/10/05/como-o-exercito-de-fas-da-anitta-se-organiza-e-ajudou-a-colocar-a-cantora-no-rock-in-rio.ghtml;Tergiversou ?;2019-10-05T11:14:36
https://g1.globo.com/pop-arte/musica/rock-in-rio/2019/noticia/2019/10/05/como-o-exercito-de-fas-da-anitta-se-organiza-e-ajudou-a-colocar-a-cantora-no-rock-in-rio.ghtml;Pq esses fãs não vão pra favela escutar essa mina, poluiram o evento;2019-10-05T11:41:10
https://g1.globo.com/pop-arte/musica/rock-in-rio/2019/noticia/2019/10/05/como-o-exercito-de-fas-da-anitta-se-organiza-e-ajudou-a-colocar-a-cantora-no-rock-in-rio.ghtml;"Sinceramente,
Faltou falar uma coisa na reportagem: qual o ""grande prêmio"" que cada um desses ""Anniters"" ganha por bancar tal papel estranho, afinal, pelas suas próprias afirmações, colocam sua ""missão obstinada"" de promover a tal funkeira como algo quase divino...
Dedicam horas e horas por dia à tal papel, como se isso tivesse qualquer importância em suas vidas...   Quanta falta de noção da realidade!";2019-10-05T10:24:57
https://g1.globo.com/pop-arte/musica/rock-in-rio/2019/noticia/2019/10/05/como-o-exercito-de-fas-da-anitta-se-organiza-e-ajudou-a-colocar-a-cantora-no-rock-in-rio.ghtml;Nossa linda juventude ! nasceram, as mamães jogaram os fetos fora e criaram as placentas kkkkkkk;2019-10-05T11:16:36
https://g1.globo.com/pop-arte/musica/rock-in-rio/2019/noticia/2019/10/05/como-o-exercito-de-fas-da-anitta-se-organiza-e-ajudou-a-colocar-a-cantora-no-rock-in-rio.ghtml;Não ouço. Mas a moça é empreendedora e merece o $$$ que tem.;2019-10-05T06:47:29
https://g1.globo.com/pop-arte/musica/rock-in-rio/2019/noticia/2019/10/05/como-o-exercito-de-fas-da-anitta-se-organiza-e-ajudou-a-colocar-a-cantora-no-rock-in-rio.ghtml;Ela tem dividir o lucro com o tal exército acéfalo;2019-10-05T10:58:33
https://g1.globo.com/pop-arte/musica/rock-in-rio/2019/noticia/2019/10/05/como-o-exercito-de-fas-da-anitta-se-organiza-e-ajudou-a-colocar-a-cantora-no-rock-in-rio.ghtml;Estilo de musica que não agrega a nada e não leva conhecimento a quem ouve, lembrando que quem houve esse tipo de música são todas pessoas de má índole, algumas soltos em saidinha de Natal, outros roubando e por aí vai!;2019-10-05T11:10:01
https://g1.globo.com/pop-arte/musica/rock-in-rio/2019/noticia/2019/10/05/como-o-exercito-de-fas-da-anitta-se-organiza-e-ajudou-a-colocar-a-cantora-no-rock-in-rio.ghtml;um marco lamentável na história do evento... gênero que não se aplica!!!! falta só o sertanejo universitário pra acabar de vez agora....;2019-10-05T10:59:29
https://g1.globo.com/pop-arte/musica/rock-in-rio/2019/noticia/2019/10/05/como-o-exercito-de-fas-da-anitta-se-organiza-e-ajudou-a-colocar-a-cantora-no-rock-in-rio.ghtml;Eu acho que aqueles que gostam do Rock 'n Rio ORIGINAL, deveria BOICOTAR essas EDIÇÕES que trazem LIXOS como essa RAINHA DO FUNK MARGINAL CARIOCA!!;2019-10-05T10:46:40
https://g1.globo.com/pop-arte/musica/rock-in-rio/2019/noticia/2019/10/05/como-o-exercito-de-fas-da-anitta-se-organiza-e-ajudou-a-colocar-a-cantora-no-rock-in-rio.ghtml;Quando se trata de dinheiro todo mundo é da mesma religião. ;2019-10-05T10:41:40
https://g1.globo.com/pop-arte/musica/rock-in-rio/2019/noticia/2019/10/05/como-o-exercito-de-fas-da-anitta-se-organiza-e-ajudou-a-colocar-a-cantora-no-rock-in-rio.ghtml;Amém ;2019-10-05T10:46:08
https://g1.globo.com/pop-arte/musica/rock-in-rio/2019/noticia/2019/10/05/como-o-exercito-de-fas-da-anitta-se-organiza-e-ajudou-a-colocar-a-cantora-no-rock-in-rio.ghtml;Isso só revela o quanto e ruim as músicas dela, e que ela tem manipulado os indicadores.;2019-10-05T10:42:42
https://g1.globo.com/pop-arte/musica/rock-in-rio/2019/noticia/2019/10/05/como-o-exercito-de-fas-da-anitta-se-organiza-e-ajudou-a-colocar-a-cantora-no-rock-in-rio.ghtml;Parabéns p Anita que é uma influencia para milhares de crianças, adolescentes e jovens e nessa semana falou p todo mundo que gostasse se pegar com homens e mulheres . Não é à toa que sodoma e Gomorra tiveram aquele fim. ;2019-10-05T10:36:12
https://g1.globo.com/pop-arte/musica/rock-in-rio/2019/noticia/2019/10/05/como-o-exercito-de-fas-da-anitta-se-organiza-e-ajudou-a-colocar-a-cantora-no-rock-in-rio.ghtml;Quem fala para esse público deveria ter mais responsabilidade em suas declarações e atos. Até desenho da Anita passa em canal infantil. Assim é complicado ;2019-10-05T10:38:44
https://g1.globo.com/pop-arte/musica/rock-in-rio/2019/noticia/2019/10/05/como-o-exercito-de-fas-da-anitta-se-organiza-e-ajudou-a-colocar-a-cantora-no-rock-in-rio.ghtml;Vai ser vaiada, nada a ver no festival de rock. ;2019-10-05T10:37:25
https://g1.globo.com/pop-arte/musica/rock-in-rio/2019/noticia/2019/10/05/como-o-exercito-de-fas-da-anitta-se-organiza-e-ajudou-a-colocar-a-cantora-no-rock-in-rio.ghtml;Não entendo o porquê da MÍDIA dar tanto suporte a esses LIXOS ARTÍSTICOS!!  ;2019-10-05T10:36:22
https://g1.globo.com/pop-arte/musica/rock-in-rio/2019/noticia/2019/10/05/como-o-exercito-de-fas-da-anitta-se-organiza-e-ajudou-a-colocar-a-cantora-no-rock-in-rio.ghtml;Agora entendi o porquê ! Quanto ela paga para os fãs? Isso é igual dor de barriga, uma hora passa !! ;2019-10-05T10:34:44
https://g1.globo.com/pop-arte/musica/rock-in-rio/2019/noticia/2019/10/05/como-o-exercito-de-fas-da-anitta-se-organiza-e-ajudou-a-colocar-a-cantora-no-rock-in-rio.ghtml;"o Problema não é agora... tá longe de ser... hoje é só curtição, lacração, falar mal de A a Z, tentar ser revolucionário, ""do contra"" etc e tal.  Meu amigo , o problema esta no futuro, esses ""seres"" vão crescer, procriar, envelhecer, lotar as igrejas, faculdades, e depois lembrem do que estou dizendo, quando começarmos colher o que esta sendo plantado hoje...  ah .. e a cantor com seu exercíto? Tá cada dia mais cheia da grana.... sucesso Brasil. ";2019-10-05T10:18:58
https://g1.globo.com/pop-arte/musica/rock-in-rio/2019/noticia/2019/10/05/como-o-exercito-de-fas-da-anitta-se-organiza-e-ajudou-a-colocar-a-cantora-no-rock-in-rio.ghtml;Você já foi adolescente?;2019-10-05T10:26:06
https://g1.globo.com/pop-arte/musica/rock-in-rio/2019/noticia/2019/10/05/como-o-exercito-de-fas-da-anitta-se-organiza-e-ajudou-a-colocar-a-cantora-no-rock-in-rio.ghtml;O RiR deixou de fazer jus ao nome não é de hoje !;2019-10-05T09:39:17
https://g1.globo.com/pop-arte/musica/rock-in-rio/2019/noticia/2019/10/05/como-o-exercito-de-fas-da-anitta-se-organiza-e-ajudou-a-colocar-a-cantora-no-rock-in-rio.ghtml;Hoje , ao invés de trazer , Stones , Led , Jethro ou Made in Brazil entre outros , o RiR só faz rir .;2019-10-05T10:25:56
https://g1.globo.com/pop-arte/musica/rock-in-rio/2019/noticia/2019/10/05/como-o-exercito-de-fas-da-anitta-se-organiza-e-ajudou-a-colocar-a-cantora-no-rock-in-rio.ghtml;"A cantora em questão possui um exéricito, é isso mesmo? Pessoas fiéis a ela, que tem entre 14 a 20 anos, sem emprego fixo, que dedicam parte dos dias a ela, que nutrem um respeito enorme pelos seus ensinamentos.. é isso?  ah então entendi certo! 
Educadores vocês podem se aposentar, temos um novo tipo de religião em andamento... Depois voltamos pra recolher os destroços.";2019-10-05T10:21:33
https://g1.globo.com/pop-arte/musica/rock-in-rio/2019/noticia/2019/10/05/como-o-exercito-de-fas-da-anitta-se-organiza-e-ajudou-a-colocar-a-cantora-no-rock-in-rio.ghtml;Por causa do apoio de meios de comunicação como esse aqui é que estamos social e moralmente destruidos.;2019-10-05T10:25:51
https://g1.globo.com/pop-arte/musica/rock-in-rio/2019/noticia/2019/10/05/como-o-exercito-de-fas-da-anitta-se-organiza-e-ajudou-a-colocar-a-cantora-no-rock-in-rio.ghtml;"Ou ""estudantes ou estão em busca do primeiro emprego"". Nem um nem outro. Cérebros de zumbi já derreteram.";2019-10-05T10:17:45
https://g1.globo.com/pop-arte/musica/rock-in-rio/2019/noticia/2019/10/05/como-o-exercito-de-fas-da-anitta-se-organiza-e-ajudou-a-colocar-a-cantora-no-rock-in-rio.ghtml;"""Ela não tem emprego fixo e diz que se dedica 24 horas por dia ao posto de administradora.""  Imagina você viver uma vida dedicada a vida dos outros.";2019-10-05T08:41:19
https://g1.globo.com/pop-arte/musica/rock-in-rio/2019/noticia/2019/10/05/como-o-exercito-de-fas-da-anitta-se-organiza-e-ajudou-a-colocar-a-cantora-no-rock-in-rio.ghtml;Você não vive para o seu patrão,  para os políticos,  para os pastores e padres?;2019-10-05T08:58:49
https://g1.globo.com/pop-arte/musica/rock-in-rio/2019/noticia/2019/10/05/como-o-exercito-de-fas-da-anitta-se-organiza-e-ajudou-a-colocar-a-cantora-no-rock-in-rio.ghtml;Isso e verdade... esses dias eu vi um grupo de idiotas na porta da pf de curitiba...;2019-10-05T10:04:10
https://g1.globo.com/pop-arte/musica/rock-in-rio/2019/noticia/2019/10/05/como-o-exercito-de-fas-da-anitta-se-organiza-e-ajudou-a-colocar-a-cantora-no-rock-in-rio.ghtml;Também vi um comentando aqui ...;2019-10-05T10:13:21
https://g1.globo.com/pop-arte/musica/rock-in-rio/2019/noticia/2019/10/05/como-o-exercito-de-fas-da-anitta-se-organiza-e-ajudou-a-colocar-a-cantora-no-rock-in-rio.ghtml;"Estudar que é bom essas ""coisas"" não querem, né?";2019-10-05T10:02:57
https://g1.globo.com/pop-arte/musica/rock-in-rio/2019/noticia/2019/10/05/como-o-exercito-de-fas-da-anitta-se-organiza-e-ajudou-a-colocar-a-cantora-no-rock-in-rio.ghtml;Sucesso fake! Por massa de manobra infantil. Aliás... isso não seria exploração? Uma geração perdida... o que assusta é que se forem trabalhar será considerado abominável.... exploração de menor he he he... Espertinha essa equipe que mantem cabresto curto alicerçado na falta de amor próprio de alguns infantis que insistem em viver nesse mundinho lúdico.;2019-10-05T09:08:31
https://g1.globo.com/pop-arte/musica/rock-in-rio/2019/noticia/2019/10/05/como-o-exercito-de-fas-da-anitta-se-organiza-e-ajudou-a-colocar-a-cantora-no-rock-in-rio.ghtml;caraca disse tudo;2019-10-05T10:01:26
https://g1.globo.com/pop-arte/musica/rock-in-rio/2019/noticia/2019/10/05/como-o-exercito-de-fas-da-anitta-se-organiza-e-ajudou-a-colocar-a-cantora-no-rock-in-rio.ghtml;incrível são as cifras que essa moça atinge com um público de faixa etária entre 14 e 20 anos (essa faixa é o terror da publicidade)  ... é impressionante. ;2019-10-05T09:57:09
https://g1.globo.com/pop-arte/musica/rock-in-rio/2019/noticia/2019/10/05/como-o-exercito-de-fas-da-anitta-se-organiza-e-ajudou-a-colocar-a-cantora-no-rock-in-rio.ghtml;"MAIOR VERGONHA DO PLANETA E VER ANITA CANTANDO NO ROCK IN RIO KKKKK. ESTA AI HOJE GRAÇAS SUA INVEJA ANO PASSADO POR NÃO TER PARTICIPADO E TBM PQ VIVE IMPLORANDO PRA CANTAR...  ROCK IN RIO CADA DIA PIOR COM ESSAS MIDIAS COLOCANDO ALGUNS ABSURDOS A CANTAR... ANO PASSADO PABLO VITTAR E ESSE ANO ANITA, ANO QUE VEM VAI SER QUEM? GRETCHEN? PF + ROCK E - MODINHA QUE CONSEGUE TD POR ANDA SEMI NUA
";2019-10-05T09:57:01
https://g1.globo.com/pop-arte/musica/rock-in-rio/2019/noticia/2019/10/05/como-o-exercito-de-fas-da-anitta-se-organiza-e-ajudou-a-colocar-a-cantora-no-rock-in-rio.ghtml;ah G1!! vai cagar!!!;2019-10-05T09:53:46
https://g1.globo.com/pop-arte/musica/rock-in-rio/2019/noticia/2019/10/05/como-o-exercito-de-fas-da-anitta-se-organiza-e-ajudou-a-colocar-a-cantora-no-rock-in-rio.ghtml;Pergunta, não é Rock ou é só o nome? o que a porr. do funk vai faze lá?;2019-10-05T09:19:36
https://g1.globo.com/pop-arte/musica/rock-in-rio/2019/noticia/2019/10/05/como-o-exercito-de-fas-da-anitta-se-organiza-e-ajudou-a-colocar-a-cantora-no-rock-in-rio.ghtml;É só dar cultura de boa qualidade pro povo que esse tipo de gente some....;2019-10-05T09:07:53
https://g1.globo.com/pop-arte/musica/rock-in-rio/2019/noticia/2019/10/05/como-o-exercito-de-fas-da-anitta-se-organiza-e-ajudou-a-colocar-a-cantora-no-rock-in-rio.ghtml;"Trabalhar e estudar ninguém quer, né?
Coisa de desocupado.";2019-10-05T09:07:21
https://g1.globo.com/pop-arte/musica/rock-in-rio/2019/noticia/2019/10/05/como-o-exercito-de-fas-da-anitta-se-organiza-e-ajudou-a-colocar-a-cantora-no-rock-in-rio.ghtml;Efeito manada chamada via redes sociais. Um milagre onde meia dúzia capaz de influenciar milhoes.;2019-10-05T06:45:45
https://g1.globo.com/pop-arte/musica/rock-in-rio/2019/noticia/2019/10/05/como-o-exercito-de-fas-da-anitta-se-organiza-e-ajudou-a-colocar-a-cantora-no-rock-in-rio.ghtml;Que diga o resultado das últimas eleições. ;2019-10-05T09:03:04
https://g1.globo.com/pop-arte/musica/rock-in-rio/2019/noticia/2019/10/05/como-o-exercito-de-fas-da-anitta-se-organiza-e-ajudou-a-colocar-a-cantora-no-rock-in-rio.ghtml;Resumindo,vcs idiotas ralam pra ela ficar cada dia milionaria mais ainda,e vcs sem emprego e andando de metrô,povinho besta;2019-10-05T08:48:19
https://g1.globo.com/pop-arte/musica/rock-in-rio/2019/noticia/2019/10/05/como-o-exercito-de-fas-da-anitta-se-organiza-e-ajudou-a-colocar-a-cantora-no-rock-in-rio.ghtml;Besta é tu, besta é  tu... Porque não viver esse mundo se não há outro mundo?;2019-10-05T08:57:49
https://g1.globo.com/pop-arte/musica/rock-in-rio/2019/noticia/2019/10/05/como-o-exercito-de-fas-da-anitta-se-organiza-e-ajudou-a-colocar-a-cantora-no-rock-in-rio.ghtml;O gado segue o berrante.;2019-10-05T08:39:43
https://g1.globo.com/pop-arte/musica/rock-in-rio/2019/noticia/2019/10/05/como-o-exercito-de-fas-da-anitta-se-organiza-e-ajudou-a-colocar-a-cantora-no-rock-in-rio.ghtml;"""Hugo Santos, assistente administrativo de 22 anos, também é do Anitta Daily. Ele diz que a vida de Anitter não é fácil: """" HAHAHAHAHA... Esses ""caras(meninas)"" são umas figuras... Kkkkkkkkk....";2019-10-05T08:30:48
https://g1.globo.com/pop-arte/musica/rock-in-rio/2019/noticia/2019/10/05/como-o-exercito-de-fas-da-anitta-se-organiza-e-ajudou-a-colocar-a-cantora-no-rock-in-rio.ghtml;"Agora está explicado
E tudo mídia
Massa de manobra";2019-10-05T08:06:56
https://g1.globo.com/pop-arte/musica/rock-in-rio/2019/noticia/2019/10/05/como-o-exercito-de-fas-da-anitta-se-organiza-e-ajudou-a-colocar-a-cantora-no-rock-in-rio.ghtml;E aí está boa parcela da população responsável pela nossa pobreza cultural absurda que temos hoje em dia e até pela porca ria que é esse país hoje;2019-10-05T07:29:43
https://g1.globo.com/pop-arte/musica/rock-in-rio/2019/noticia/2019/10/05/como-o-exercito-de-fas-da-anitta-se-organiza-e-ajudou-a-colocar-a-cantora-no-rock-in-rio.ghtml;pior que é mesmo, povo reclama mas maioria dos fãs dela são as filhas dessas mesmas pessoas, que adoram rebolar as escondidas do pais.;2019-10-05T08:05:22
https://g1.globo.com/pop-arte/musica/rock-in-rio/2019/noticia/2019/10/05/como-o-exercito-de-fas-da-anitta-se-organiza-e-ajudou-a-colocar-a-cantora-no-rock-in-rio.ghtml;"Dê aos pobres oque é de pobres 
";2019-10-05T06:55:21
https://g1.globo.com/pop-arte/musica/rock-in-rio/2019/noticia/2019/10/05/como-o-exercito-de-fas-da-anitta-se-organiza-e-ajudou-a-colocar-a-cantora-no-rock-in-rio.ghtml;Falou o tiquinho.;2019-10-05T07:20:17
https://g1.globo.com/pop-arte/musica/rock-in-rio/2019/noticia/2019/10/05/como-o-exercito-de-fas-da-anitta-se-organiza-e-ajudou-a-colocar-a-cantora-no-rock-in-rio.ghtml;*riquinho ;2019-10-05T07:20:47
https://g1.globo.com/pop-arte/musica/rock-in-rio/2019/noticia/2019/10/05/como-o-exercito-de-fas-da-anitta-se-organiza-e-ajudou-a-colocar-a-cantora-no-rock-in-rio.ghtml;Empurro tranquilo;2019-10-05T07:18:46
https://g1.globo.com/pop-arte/musica/rock-in-rio/2019/noticia/2019/10/05/como-o-exercito-de-fas-da-anitta-se-organiza-e-ajudou-a-colocar-a-cantora-no-rock-in-rio.ghtml;Tem gosto pra tudo nesse mundo. Até para o que não presta. Normal.;2019-10-05T07:18:19
https://g1.globo.com/pop-arte/musica/rock-in-rio/2019/noticia/2019/10/05/como-o-exercito-de-fas-da-anitta-se-organiza-e-ajudou-a-colocar-a-cantora-no-rock-in-rio.ghtml;"Existia cidade do Rock,  era de fato Rock 
Geração atual quer assim,   Rock é  funk Forró é Rock ,  tudo é  quaisquer coisas 
Uma grande confusão que no final vira Carnaval 
";2019-10-05T07:06:30
https://g1.globo.com/pop-arte/musica/rock-in-rio/2019/noticia/2019/10/05/iron-maiden-show-de-game-scorpions-do-brasil-e-adeus-slayer-o-resumo-do-5o-dia-de-rock-in-rio.ghtml;"""O primeiro fez um show teatral. Levou cenários e figurinos diferentes, lutinhas e tesouros do metal"" hahahaha Cada dia pior esse G1. Esse daí escreveu a matéria chupando pirulito e comendo pipoca. ";2019-10-05T10:49:36
https://g1.globo.com/pop-arte/musica/rock-in-rio/2019/noticia/2019/10/05/iron-maiden-show-de-game-scorpions-do-brasil-e-adeus-slayer-o-resumo-do-5o-dia-de-rock-in-rio.ghtml;O único dia q pode levar o nome do festival, tirando algumas poucas bandas de outros dias o resto é igual o programa ridículo só toca pop;2019-10-05T10:45:06
https://g1.globo.com/pop-arte/musica/rock-in-rio/2019/noticia/2019/10/05/iron-maiden-show-de-game-scorpions-do-brasil-e-adeus-slayer-o-resumo-do-5o-dia-de-rock-in-rio.ghtml;É o s,atanismo no paíseco do Bozo. Uma banda usando caveiras, outra com nome de Cepultura, cabeludos de camiseta p,reta, e ainda pra ka.g,ar de vez, usam bandeiras do brasil, que é simbolo da turminha apoiadora do Bozo. ;2019-10-05T10:44:42
https://g1.globo.com/pop-arte/musica/rock-in-rio/2019/noticia/2019/10/05/iron-maiden-show-de-game-scorpions-do-brasil-e-adeus-slayer-o-resumo-do-5o-dia-de-rock-in-rio.ghtml;Bom dia apenas aos colegas da alta sociedade. Tenho que ser sincero aqui, quem gosta de rock é MAU CARÁTER, olha essas pessoas Slayer ? Tom Aranha ? Isso é um absurdo, uma afronta à verdadeira cultura brasileira como Caetano, Gil, etc.;2019-10-05T09:20:33
https://g1.globo.com/pop-arte/musica/rock-in-rio/2019/noticia/2019/10/05/iron-maiden-show-de-game-scorpions-do-brasil-e-adeus-slayer-o-resumo-do-5o-dia-de-rock-in-rio.ghtml;É pra isso que eu entro aqui kkkkkkkk... só comentário de milhão.;2019-10-05T09:54:08
https://g1.globo.com/pop-arte/musica/rock-in-rio/2019/noticia/2019/10/05/iron-maiden-show-de-game-scorpions-do-brasil-e-adeus-slayer-o-resumo-do-5o-dia-de-rock-in-rio.ghtml;Só li verdades. Brasileiro é um povo miserável, sem respeito à sua cultura. Lamentável.;2019-10-05T09:56:52
https://g1.globo.com/pop-arte/musica/rock-in-rio/2019/noticia/2019/10/05/iron-maiden-show-de-game-scorpions-do-brasil-e-adeus-slayer-o-resumo-do-5o-dia-de-rock-in-rio.ghtml;Maldita inclusão social. Deixa qualquer pessoa comentar por aqui. ;2019-10-05T10:04:22
https://g1.globo.com/pop-arte/musica/rock-in-rio/2019/noticia/2019/10/05/iron-maiden-show-de-game-scorpions-do-brasil-e-adeus-slayer-o-resumo-do-5o-dia-de-rock-in-rio.ghtml;Tipo o Fábio ;2019-10-05T10:33:55
https://g1.globo.com/pop-arte/musica/rock-in-rio/2019/noticia/2019/10/05/iron-maiden-show-de-game-scorpions-do-brasil-e-adeus-slayer-o-resumo-do-5o-dia-de-rock-in-rio.ghtml;esse mundao ta chato mesmo hein;2019-10-05T10:44:38
https://g1.globo.com/pop-arte/musica/rock-in-rio/2019/noticia/2019/10/05/iron-maiden-show-de-game-scorpions-do-brasil-e-adeus-slayer-o-resumo-do-5o-dia-de-rock-in-rio.ghtml;Os caras tem mais de 40 anos de carreira, não precisam provar mais nada e continuam inovando e surpreendendo com shows bem montados...enquanto isso a PutAnitta fica só no playback mostrando o kool...;2019-10-05T05:45:16
https://g1.globo.com/pop-arte/musica/rock-in-rio/2019/noticia/2019/10/05/iron-maiden-show-de-game-scorpions-do-brasil-e-adeus-slayer-o-resumo-do-5o-dia-de-rock-in-rio.ghtml;melhor dia;2019-10-05T10:21:59
https://g1.globo.com/pop-arte/musica/rock-in-rio/2019/noticia/2019/10/05/iron-maiden-show-de-game-scorpions-do-brasil-e-adeus-slayer-o-resumo-do-5o-dia-de-rock-in-rio.ghtml;"O show do Iron não se resume a maquiagem de game. Cada letra é uma história, e a forma como ligam essas cicatrizes com a plástica em palco é só uma das qualidades. Os caras tocam muito, tenho certeza que qualquer pessoa que conhece o mínimo da banda consegue pensar em outras canções não tocadas de sucesso. Mas eu nem considero mais a ""opiniao"" desse site, desde que chamaram o soad de pão e circo. Talvez esses criticos precisem passar por uma guerra. ";2019-10-05T10:06:11
https://g1.globo.com/pop-arte/musica/rock-in-rio/2019/noticia/2019/10/05/iron-maiden-show-de-game-scorpions-do-brasil-e-adeus-slayer-o-resumo-do-5o-dia-de-rock-in-rio.ghtml;Heavy n Rio,.to esperando o Blues n Rio também..;2019-10-05T09:31:21
https://g1.globo.com/pop-arte/musica/rock-in-rio/2019/noticia/2019/10/05/iron-maiden-show-de-game-scorpions-do-brasil-e-adeus-slayer-o-resumo-do-5o-dia-de-rock-in-rio.ghtml;Muito interessante a camisa do Gary Holt. Viva o Rock n Roll!!;2019-10-05T09:25:32
https://g1.globo.com/pop-arte/musica/rock-in-rio/2019/noticia/2019/10/05/iron-maiden-show-de-game-scorpions-do-brasil-e-adeus-slayer-o-resumo-do-5o-dia-de-rock-in-rio.ghtml;Só faltou o Chimbinha, que é o maior guitarrista do universo, que poderia ensinar esses perebas aí de cima a tocar guitarra direito;2019-10-05T05:32:14
https://g1.globo.com/pop-arte/musica/rock-in-rio/2019/noticia/2019/10/05/iron-maiden-show-de-game-scorpions-do-brasil-e-adeus-slayer-o-resumo-do-5o-dia-de-rock-in-rio.ghtml;Chimba, The God of Guitar kkkkk;2019-10-05T09:01:03
https://g1.globo.com/pop-arte/musica/rock-in-rio/2019/noticia/2019/10/05/iron-maiden-show-de-game-scorpions-do-brasil-e-adeus-slayer-o-resumo-do-5o-dia-de-rock-in-rio.ghtml;bobão;2019-10-05T09:09:05
https://g1.globo.com/pop-arte/musica/rock-in-rio/2019/noticia/2019/10/05/iron-maiden-show-de-game-scorpions-do-brasil-e-adeus-slayer-o-resumo-do-5o-dia-de-rock-in-rio.ghtml;PIOR DIA DO ROCK IN RIO DISPARADO!!!! NINGUÉM LIGA OU CONHEÇE MAIS BANDAS ARCAICAS E ESQUECIDAS!!!! O MUNDO HOJE SÓ CONHEÇE A RAINHA DA MÚSICA ANITTA, A MAIOR E MELHOR ARTISTA DA HISTÓRIA. O MUNDO VAI PARAR PARA VER O SHOW DA MINHA DIVA. EU JÁ TÔ ACAMPADO NA CIDADE DO FUNK PARA FICAR O MAIS PERTO POSSÍVEL. DO PALCO MUNDO. A MINHA DIVA VAI DAR UM SHOW. SAUDAÇÕES DEU UM ANITTER.;2019-10-05T02:35:12
https://g1.globo.com/pop-arte/musica/rock-in-rio/2019/noticia/2019/10/05/iron-maiden-show-de-game-scorpions-do-brasil-e-adeus-slayer-o-resumo-do-5o-dia-de-rock-in-rio.ghtml;"Engraçado que essas bandas tem 30, 40 anos de carreira, será que a Anitta chegar lá? Será que ela sabe o que é uma escala musical?
";2019-10-05T02:37:38
https://g1.globo.com/pop-arte/musica/rock-in-rio/2019/noticia/2019/10/05/iron-maiden-show-de-game-scorpions-do-brasil-e-adeus-slayer-o-resumo-do-5o-dia-de-rock-in-rio.ghtml;Pelo nome do cara não vale nem a pena dar atenção e gastar o dedo discutindo.;2019-10-05T02:43:47
https://g1.globo.com/pop-arte/musica/rock-in-rio/2019/noticia/2019/10/05/iron-maiden-show-de-game-scorpions-do-brasil-e-adeus-slayer-o-resumo-do-5o-dia-de-rock-in-rio.ghtml;Hoje é o seu dia.  Bi/cha in Rio;2019-10-05T07:32:59
https://g1.globo.com/pop-arte/musica/rock-in-rio/2019/noticia/2019/10/05/iron-maiden-show-de-game-scorpions-do-brasil-e-adeus-slayer-o-resumo-do-5o-dia-de-rock-in-rio.ghtml;Com certeza Leonardo.;2019-10-05T08:21:56
https://g1.globo.com/pop-arte/musica/rock-in-rio/2019/noticia/2019/10/05/iron-maiden-show-de-game-scorpions-do-brasil-e-adeus-slayer-o-resumo-do-5o-dia-de-rock-in-rio.ghtml;O verdadeiro Rock in Rio!;2019-10-05T08:21:07
https://g1.globo.com/pop-arte/musica/rock-in-rio/2019/noticia/2019/10/05/iron-maiden-show-de-game-scorpions-do-brasil-e-adeus-slayer-o-resumo-do-5o-dia-de-rock-in-rio.ghtml;Iron fez um dos melhores shows da história do Rock In Rio. Beirou a perfeição. Épico! Sensacional a interação com o público. E percebe-se que a banda toca com prazer por aqui! Up the IRONS!;2019-10-05T08:11:40
https://g1.globo.com/pop-arte/musica/rock-in-rio/2019/noticia/2019/10/05/iron-maiden-show-de-game-scorpions-do-brasil-e-adeus-slayer-o-resumo-do-5o-dia-de-rock-in-rio.ghtml;Da abertura com Nervosa, aliás que trio, até o encerramento com Scorpions, simplesmente SENSACIONAL. ;2019-10-05T07:26:50
https://g1.globo.com/pop-arte/musica/rock-in-rio/2019/noticia/2019/10/05/iron-maiden-show-de-game-scorpions-do-brasil-e-adeus-slayer-o-resumo-do-5o-dia-de-rock-in-rio.ghtml;Enfim graças ao Metal o RoscaInRio se transformou em RockInRio!;2019-10-05T03:01:06
https://g1.globo.com/pop-arte/musica/rock-in-rio/2019/noticia/2019/10/05/iron-maiden-show-de-game-scorpions-do-brasil-e-adeus-slayer-o-resumo-do-5o-dia-de-rock-in-rio.ghtml;Só faltou uma encenação do Eddie mandando o PabloVittar para o QuintoDosInfernos junto com toda LacrosferaEscrota! De resto foi muito bom!!!!!!!!!;2019-10-05T03:08:10
https://g1.globo.com/pop-arte/musica/rock-in-rio/2019/noticia/2019/10/05/iron-maiden-show-de-game-scorpions-do-brasil-e-adeus-slayer-o-resumo-do-5o-dia-de-rock-in-rio.ghtml;suaBunda, bolsoEstrume.. Viva Pablito! o Brasil ama Vittar.  É o nosso maior artista .  ;2019-10-05T04:51:58
https://g1.globo.com/pop-arte/musica/rock-in-rio/2019/noticia/2019/10/05/iron-maiden-show-de-game-scorpions-do-brasil-e-adeus-slayer-o-resumo-do-5o-dia-de-rock-in-rio.ghtml;PabloVitar ;2019-10-05T02:42:52
https://g1.globo.com/pop-arte/musica/rock-in-rio/2019/noticia/2019/10/05/iron-maiden-show-de-game-scorpions-do-brasil-e-adeus-slayer-o-resumo-do-5o-dia-de-rock-in-rio.ghtml;Que dia F!!!! Só show top! Pra mim o Rock in Rio encerrou hoje, não quero nem ouvir mais falar do que estar por vir para não ficar constrangido.;2019-10-05T02:30:00
https://g1.globo.com/bemestar/sarampo/noticia/2019/10/05/adultos-de-50-a-59-passam-a-ser-vacinados-na-campanha-contra-o-sarampo-em-2020.ghtml;"bom dia!
quem ja teve sarampo quando criança, precisa tomar a vacina?
";2019-10-05T09:49:12
https://g1.globo.com/bemestar/sarampo/noticia/2019/10/05/adultos-de-50-a-59-passam-a-ser-vacinados-na-campanha-contra-o-sarampo-em-2020.ghtml;A ciência afirma que TODOS aqueles que contraíram sarampo em alguma fase da vida adquiriram anticorpos e não precisam se vacinar . Entretanto , consultar os órgãos responsáveis por uma opinião certificada nada custa . Só queria entender por que alguém deu um dislike na pergunta da Loanda . ;2019-10-05T10:57:46
https://g1.globo.com/bemestar/sarampo/noticia/2019/10/05/adultos-de-50-a-59-passam-a-ser-vacinados-na-campanha-contra-o-sarampo-em-2020.ghtml;Na dúvida...por que não se vacinar?;2019-10-05T10:58:00
https://g1.globo.com/bemestar/sarampo/noticia/2019/10/05/adultos-de-50-a-59-passam-a-ser-vacinados-na-campanha-contra-o-sarampo-em-2020.ghtml;Dos 29 aos 50 que se lasquem, né.... Eh Brazil!!!!!;2019-10-05T11:03:34
https://g1.globo.com/bemestar/sarampo/noticia/2019/10/05/adultos-de-50-a-59-passam-a-ser-vacinados-na-campanha-contra-o-sarampo-em-2020.ghtml;Então , idosos com mais de 60 supõe-se que já contraíram a doença quando crianças ou  azar o deles ? Sem vacina ? Já viveram muito ? ;2019-10-05T10:53:07
https://g1.globo.com/bemestar/sarampo/noticia/2019/10/05/adultos-de-50-a-59-passam-a-ser-vacinados-na-campanha-contra-o-sarampo-em-2020.ghtml;Essa é a explicação para o corte de idade? ;2019-10-05T11:03:20
https://g1.globo.com/bemestar/sarampo/noticia/2019/10/05/adultos-de-50-a-59-passam-a-ser-vacinados-na-campanha-contra-o-sarampo-em-2020.ghtml;Falando em saúde: o Cidadão Honorário de Paris está tranquilo. Só malhando, namorando, estudando e assistindo a derrocada do governo...bozo também recebeu um título na Europa: Idiota de Ouro! Pesquisem...;2019-10-05T10:56:29
https://g1.globo.com/bemestar/sarampo/noticia/2019/10/05/adultos-de-50-a-59-passam-a-ser-vacinados-na-campanha-contra-o-sarampo-em-2020.ghtml;PERA LÁ, TENHO 31 ANOS, ENTÃO EU POSSO MORRER DE SARAMPO? E COMO É QUE FICA A SITUAÇÃO DOS INIMIGOS QUE ACOMPANHAM MEUS BELÍSSIMOS COMENTÁRIOS AQUI NO GEUM? HEIM, HEIM?;2019-10-05T08:16:14
https://g1.globo.com/bemestar/sarampo/noticia/2019/10/05/adultos-de-50-a-59-passam-a-ser-vacinados-na-campanha-contra-o-sarampo-em-2020.ghtml;Relaxa, quem já teve sarampo não pega kkkkkkk bom dia :-);2019-10-05T09:24:58
https://g1.globo.com/bemestar/sarampo/noticia/2019/10/05/adultos-de-50-a-59-passam-a-ser-vacinados-na-campanha-contra-o-sarampo-em-2020.ghtml;O certo é proibir de frequentar escolas públicas e usar o Sus quem não se vacinar. ;2019-10-05T07:46:37
https://g1.globo.com/loterias/noticia/2019/10/05/mega-sena-pode-pagar-premio-de-r-18-milhoes-neste-sabado.ghtml;Muda o disco e segue o baile..........;2019-10-05T09:12:38
https://g1.globo.com/loterias/noticia/2019/10/05/mega-sena-pode-pagar-premio-de-r-18-milhoes-neste-sabado.ghtml;Depois dos 100 milhões acumulado a probabilidade de ser em Brasília é 90% como sempre. ;2019-10-05T09:41:17
https://g1.globo.com/loterias/noticia/2019/10/05/mega-sena-pode-pagar-premio-de-r-18-milhoes-neste-sabado.ghtml;Mega sena é roubada...alias todos concursos que acumulam é roubado...voces acham mesmo que a caixa e os políticos iriam deixar de perder 20,30,50,100 milhoes para qualquer...Unico que acredito nao ser furada é lotofacil e dia de sorte pois os valores varias de 800 mil a 2 milhoes, dinheiro esse que nao faz nem cócegas pra esses corruptos ;2019-10-05T09:43:15
https://g1.globo.com/loterias/noticia/2019/10/05/mega-sena-pode-pagar-premio-de-r-18-milhoes-neste-sabado.ghtml;do BTG vem pra caixa, vem!;2019-10-05T10:33:38
https://g1.globo.com/loterias/noticia/2019/10/05/mega-sena-pode-pagar-premio-de-r-18-milhoes-neste-sabado.ghtml;eu não jogo, porque eu sei q não vou ganhar esse jogo. Quem joga vive de ilusão!;2019-10-05T10:56:18
https://g1.globo.com/loterias/noticia/2019/10/05/mega-sena-pode-pagar-premio-de-r-18-milhoes-neste-sabado.ghtml;eu não jogo, porque eu sei q não vou ganhar. Quem joga vive de ilusão!;2019-10-05T10:56:47
https://g1.globo.com/loterias/noticia/2019/10/05/mega-sena-pode-pagar-premio-de-r-18-milhoes-neste-sabado.ghtml;só pra avisar, vai acumular!;2019-10-05T10:32:02
https://g1.globo.com/loterias/noticia/2019/10/05/mega-sena-pode-pagar-premio-de-r-18-milhoes-neste-sabado.ghtml;Quem aposta é leigo?;2019-10-05T10:11:29
https://g1.globo.com/loterias/noticia/2019/10/05/mega-sena-pode-pagar-premio-de-r-18-milhoes-neste-sabado.ghtml;Mega Sena, pura roubalheira! Danado quem acredita nisso...não sejam besta. ;2019-10-05T09:06:17
https://g1.globo.com/loterias/noticia/2019/10/05/mega-sena-pode-pagar-premio-de-r-18-milhoes-neste-sabado.ghtml;Ptzada já deve tá ansiosa por esse dinheiro ;2019-10-05T08:59:39
https://g1.globo.com/loterias/noticia/2019/10/05/mega-sena-pode-pagar-premio-de-r-18-milhoes-neste-sabado.ghtml;AGORA A CAIXA DA PAGANDO MENOS PRO PT PRA O POVO NAO FICAR  IRADO DE NOVO,KKKKKKKKKK;2019-10-05T08:44:36
https://g1.globo.com/loterias/noticia/2019/10/05/mega-sena-pode-pagar-premio-de-r-18-milhoes-neste-sabado.ghtml;DEPOIS QUE O PT GANHOU 100 MILHOES NUNCA MAIS ACUMULOU,ENGRACADINHA ESSA CAIXA NE?SO TROUXA PRA CAIR NESSA DE MEGAFRAUDE DE NOVO,KKKK;2019-10-05T08:43:40
https://g1.globo.com/loterias/noticia/2019/10/05/mega-sena-pode-pagar-premio-de-r-18-milhoes-neste-sabado.ghtml;E quem aimda é ontario de apostar nesse jogo frau ddado?;2019-10-05T08:35:26
https://g1.globo.com/loterias/noticia/2019/10/05/mega-sena-pode-pagar-premio-de-r-18-milhoes-neste-sabado.ghtml;vai esperando caixa sentada que eu va gastar meu dinheiro nessa fraude,kkkkkkkkkkkkk;2019-10-05T08:27:40
https://g1.globo.com/loterias/noticia/2019/10/05/mega-sena-pode-pagar-premio-de-r-18-milhoes-neste-sabado.ghtml;Vou ganhar com uma aposta!;2019-10-05T08:24:05
